arm,n_subjects,mean_age,mean_bmi
Active,3,45,26.452616485955314
Placebo,3,65.66666666666667,28.2365936246391
